brand,item,category,meat,price_uah,weight_g,calories_total,protein_total,fat_total,carbs_total,sodium_total,calories,protein_g,fat_g,carbs_g,sodium_mg,price_per_100g,price_per_100kcal,price_per_protein,protein_kcal,fat_kcal,carbs_kcal,macro_kcal,protein_pct,fat_pct,carbs_pct,is_protein,is_fat,is_carb,macro_balance_score,macro_balance,predicted_price,price_difference,price_difference_pct,absolute_price_difference
Mcdonald's,Avocado McMuffin with Egg,burger,Vegetarian,102,145,280.0,12.0,12.0,30.0,1000.0,193.1,8.3,8.3,20.7,689.7,70.34,36.43,8.5,48.0,108.0,120.0,276.0,17.391304347826086,39.130434782608695,43.47826086956522,False,False,True,1,Poorly balanced,65.68843319648778,36.31156680351222,55.28,36.31156680351222
Mcdonald's,Avocado McMuffin with Chicken,burger,Chicken,148,145,300.0,11.0,11.0,38.0,2000.0,206.9,7.6,7.6,26.2,1379.3,102.07,49.33,13.45,44.0,99.0,152.0,295.0,14.915254237288137,33.559322033898304,51.52542372881356,False,False,True,1,Poorly balanced,71.80132910215113,76.19867089784887,106.12,76.19867089784887
Mcdonald's,Avocado McMuffin with Pork,burger,Pork,148,150,395.0,18.0,22.0,30.0,2000.0,263.3,12.0,14.7,20.0,1333.3,98.67,37.47,8.22,72.0,198.0,120.0,390.0,18.461538461538463,50.76923076923077,30.76923076923077,False,False,False,0,Poorly balanced,109.58944680237809,38.41055319762191,35.05,38.41055319762191
Mcdonald's,McMuffin with Egg and Cheese,burger,Vegetarian,79,115,290.0,14.0,13.0,29.0,2000.0,252.2,12.2,11.3,25.2,1739.1,68.7,27.24,5.64,56.0,117.0,116.0,289.0,19.377162629757784,40.484429065743946,40.13840830449827,False,False,True,1,Poorly balanced,69.71278967665552,9.287210323344482,13.32,9.287210323344482
Mcdonald's,McMuffin with Egg and Bacon,burger,Pork,96,115,320.0,15.0,16.0,29.0,2000.0,278.3,13.0,13.9,25.2,1739.1,83.48,30.0,6.4,60.0,144.0,116.0,320.0,18.75,45.0,36.25,False,False,False,0,Poorly balanced,81.32360072297877,14.676399277021233,18.05,14.676399277021233
Mcdonald's,McMuffin with Egg and Pork,burger,Pork,99,162,475.0,25.0,29.0,29.0,2000.0,293.2,15.4,17.9,17.9,1234.6,61.11,20.84,3.96,100.0,261.0,116.0,477.0,20.964360587002094,54.71698113207547,24.31865828092243,True,False,False,1,Poorly balanced,144.54207888696106,-45.542078886961065,-31.51,45.542078886961065
Mcdonald's,Double McMuffin with Egg and Pork,burger,Pork,155,240,705.0,39.0,47.0,31.0,3200.0,293.8,16.3,19.6,12.9,1333.3,64.58,21.99,3.97,156.0,423.0,124.0,703.0,22.190611664295876,60.17069701280228,17.63869132290185,True,False,False,1,Poorly balanced,235.8255344769148,-80.82553447691481,-34.27,80.82553447691481
Mcdonald's,Chicken Fresh McMuffin,burger,Chicken,92,150,330.0,13.0,13.0,40.0,1900.0,220.0,8.7,8.7,26.7,1266.7,61.33,27.88,7.08,52.0,117.0,160.0,329.0,15.80547112462006,35.56231003039514,48.632218844984806,False,False,True,1,Poorly balanced,85.07347955392453,6.926520446075472,8.14,6.926520446075472
Mcdonald's,Double Chicken Fresh McMuffin,burger,Chicken,159,200,420.0,18.0,17.0,48.0,2400.0,210.0,9.0,8.5,24.0,1200.0,79.5,37.86,8.83,72.0,153.0,192.0,417.0,17.26618705035971,36.69064748201439,46.043165467625904,False,False,True,1,Poorly balanced,121.12455434361306,37.875445656386944,31.27,37.875445656386944
Mcdonald's,Fresh McMuffin,burger,Pork,108,147,405.0,20.0,22.0,31.0,2100.0,275.5,13.6,15.0,21.1,1428.6,73.47,26.67,5.4,80.0,198.0,124.0,402.0,19.900497512437813,49.25373134328358,30.845771144278604,False,False,False,0,Poorly balanced,114.54565245592886,-6.54565245592886,-5.71,6.54565245592886
Mcdonald's,Double Fresh McMuffin,burger,Pork,159,190,585.0,31.0,37.0,31.0,2900.0,307.9,16.3,19.5,16.3,1526.3,83.68,27.18,5.13,124.0,333.0,124.0,581.0,21.34251290877797,57.31497418244407,21.34251290877797,True,False,False,1,Poorly balanced,185.9181490125801,-26.918149012580102,-14.48,26.918149012580102
Mcdonald's,Cheese Toast,burger,Vegetarian,48,73,245.0,10.4,10.1,28.0,1200.0,335.6,14.2,13.8,38.4,1643.8,65.75,19.59,4.62,41.6,90.89999999999999,112.0,244.5,17.01431492842536,37.17791411042944,45.807770961145195,False,False,True,1,Poorly balanced,50.05963298260811,-2.0596329826081075,-4.11,2.0596329826081075
Mcdonald's,Cheese Toast with Bacon,burger,Pork,64,80,260.0,10.0,12.0,28.0,1600.0,325.0,12.5,15.0,35.0,2000.0,80.0,24.62,6.4,40.0,108.0,112.0,260.0,15.384615384615385,41.53846153846154,43.07692307692308,False,False,True,1,Poorly balanced,55.85545664962871,8.144543350371293,14.58,8.144543350371293
Mcdonald's,Breakfast Wrap,wrap,Pork,145,210,555.0,27.0,31.0,41.0,3100.0,264.3,12.9,14.8,19.5,1476.2,69.05,26.13,5.37,108.0,279.0,164.0,551.0,19.600725952813068,50.635208711433755,29.764065335753177,False,False,False,0,Poorly balanced,174.0348785170363,-29.034878517036304,-16.68,29.034878517036304
Mcdonald's,Fresh Wrap,wrap,Pork,145,230,585.0,26.0,37.0,35.0,2500.0,254.3,11.3,16.1,15.2,1087.0,63.04,24.79,5.58,104.0,333.0,140.0,577.0,18.02426343154246,57.712305025996535,24.263431542461007,False,False,False,0,Poorly balanced,184.30353584284785,-39.30353584284785,-21.33,39.30353584284785
Mcdonald's,Chicken Fresh Wrap,wrap,Chicken,145,220,505.0,24.0,27.0,40.0,2400.0,229.5,10.9,12.3,18.2,1090.9,65.91,28.71,6.04,96.0,243.0,160.0,499.0,19.238476953907817,48.69739478957916,32.06412825651302,False,False,False,0,Poorly balanced,154.5731063021306,-9.573106302130611,-6.19,9.573106302130611
Mcdonald's,SVII with vegetables and Pork,burger,Pork,165,210,695.0,35.0,50.0,26.0,2700.0,331.0,16.7,23.8,12.4,1285.7,78.57,23.74,4.71,140.0,450.0,104.0,694.0,20.172910662824208,64.84149855907782,14.985590778097983,True,False,False,1,Poorly balanced,229.62389696222618,-64.62389696222618,-28.14,64.62389696222618
Mcdonald's,SVII with Chicken and garlic sauce,burger,Chicken,165,220,596.0,24.0,34.0,50.0,3400.0,270.9,10.9,15.5,22.7,1545.5,75.0,27.68,6.88,96.0,306.0,200.0,602.0,15.946843853820598,50.83056478405316,33.222591362126245,False,False,False,0,Poorly balanced,191.36360979763026,-26.36360979763026,-13.78,26.36360979763026
Mcdonald's,McCrispy Creamy BBQ,burger,Chicken,174,190,460.0,24.0,17.0,52.0,2000.0,242.1,12.6,8.9,27.4,1052.6,91.58,37.83,7.25,96.0,153.0,208.0,457.0,21.00656455142232,33.479212253829324,45.51422319474836,True,False,True,2,Partially balanced,137.34443650985008,36.655563490149916,26.69,36.655563490149916
Mcdonald's,McCrispy Creamy BBQ Deluxe,burger,Chicken,208,200,530.0,27.0,23.0,53.0,2600.0,265.0,13.5,11.5,26.5,1300.0,104.0,39.25,7.7,108.0,207.0,212.0,527.0,20.49335863377609,39.27893738140417,40.22770398481973,True,False,True,2,Partially balanced,164.33292545601626,43.667074543983745,26.57,43.667074543983745
Mcdonald's,Tasty Junior,burger,Beef,102,145,400.0,16.0,24.0,29.0,2000.0,275.9,11.0,16.6,20.0,1379.3,70.34,25.5,6.38,64.0,216.0,116.0,396.0,16.161616161616163,54.54545454545454,29.292929292929294,False,False,False,0,Poorly balanced,110.72931789086667,-8.729317890866668,-7.88,8.729317890866668
Mcdonald's,BigTasty Single,burger,Beef,203,245,625.0,27.0,40.0,38.0,3100.0,255.1,11.0,16.3,15.5,1265.3,82.86,32.48,7.52,108.0,360.0,152.0,620.0,17.419354838709676,58.06451612903226,24.516129032258064,False,False,False,0,Poorly balanced,200.88783964185328,2.112160358146724,1.05,2.112160358146724
Mcdonald's,Double BigTasty,burger,Beef,295,335,880.0,45.0,60.0,39.0,4400.0,262.7,13.4,17.9,11.6,1313.4,88.06,33.52,6.56,180.0,540.0,156.0,876.0,20.54794520547945,61.64383561643836,17.80821917808219,True,False,False,1,Poorly balanced,305.3011562267681,-10.301156226768114,-3.37,10.301156226768114
Mcdonald's,McChicken,burger,Chicken,128,180,448.0,22.3,18.0,49.4,2200.0,248.9,12.4,10.0,27.4,1222.2,71.11,28.57,5.74,89.2,162.0,197.6,448.79999999999995,19.87522281639929,36.09625668449198,44.02852049910874,False,False,True,1,Poorly balanced,133.28871482668623,-5.288714826686231,-3.97,5.288714826686231
Mcdonald's,Hamburger,burger,Beef,65,96,249.0,13.0,8.7,29.0,1100.0,259.4,13.5,9.1,30.2,1145.8,67.71,26.1,5.0,52.0,78.3,116.0,246.3,21.11246447421843,31.7904993909866,47.09703613479496,True,False,True,2,Partially balanced,52.90304704303699,12.096952956963008,22.87,12.096952956963008
Mcdonald's,Cheeseburger,burger,Beef,75,108,298.0,16.0,13.0,29.0,1600.0,275.9,14.8,12.0,26.9,1481.5,69.44,25.17,4.69,64.0,117.0,116.0,297.0,21.548821548821547,39.39393939393939,39.05723905723906,True,False,False,1,Poorly balanced,73.0622586979749,1.9377413020251026,2.65,1.9377413020251026
Mcdonald's,Double Cheeseburger,burger,Beef,128,163,475.0,26.5,27.3,31.1,2500.0,291.4,16.3,16.7,19.1,1533.7,78.53,26.95,4.83,106.0,245.70000000000002,124.4,476.1,22.26423020373871,51.60680529300568,26.12896450325562,True,False,False,1,Poorly balanced,144.7893684962056,-16.78936849620561,-11.6,16.78936849620561
Mcdonald's,BigMac,burger,Beef,149,212,526.0,27.0,27.0,43.0,2200.0,248.1,12.7,12.7,20.3,1037.7,70.28,28.33,5.52,108.0,243.0,172.0,523.0,20.650095602294456,46.46271510516252,32.88718929254302,True,False,False,1,Poorly balanced,163.93212402017525,-14.932124020175252,-9.11,14.932124020175252
Mcdonald's,Filet-o-Fish,burger,Fish,126,130,327.0,15.0,14.0,35.0,1400.0,251.5,11.5,10.8,26.9,1076.9,96.92,38.53,8.4,60.0,126.0,140.0,326.0,18.404907975460123,38.65030674846626,42.944785276073624,False,False,True,1,Poorly balanced,83.99934092372922,42.00065907627078,50.0,42.00065907627078
Mcdonald's,Filet-o-Fish Deluxe,burger,Fish,145,160,360.0,15.0,16.0,38.0,1700.0,225.0,9.4,10.0,23.8,1062.5,90.62,40.28,9.67,60.0,144.0,152.0,356.0,16.853932584269664,40.44943820224719,42.69662921348314,False,False,True,1,Poorly balanced,96.24407898102521,48.75592101897479,50.66,48.75592101897479
Mcdonald's,Royal Cheeseburger,burger,Beef,173,194,530.0,32.0,27.0,38.0,2600.0,273.2,16.5,13.9,19.6,1340.2,89.18,32.64,5.41,128.0,243.0,152.0,523.0,24.47418738049713,46.46271510516252,29.063097514340345,True,False,False,1,Poorly balanced,165.26845197623862,7.731548023761377,4.68,7.731548023761377
Mcdonald's,Double Royal Cheeseburger,burger,Beef,265,272,760.0,52.0,44.0,38.0,3000.0,279.4,19.1,16.2,14.0,1102.9,97.43,34.87,5.1,208.0,396.0,152.0,756.0,27.513227513227513,52.38095238095239,20.105820105820104,True,False,False,1,Poorly balanced,261.6161601279012,3.383839872098804,1.29,3.383839872098804
Mcdonald's,Cheeseburger with Bacon,burger,Beef,95,116,348.0,16.4,17.6,27.8,1900.0,300.0,14.1,15.2,24.0,1637.9,81.9,27.3,5.79,65.6,158.4,111.2,335.2,19.570405727923625,47.25536992840096,33.17422434367542,False,False,False,0,Poorly balanced,87.49071875198763,7.509281248012371,8.58,7.509281248012371
Mcdonald's,Chicken Junior,burger,Chicken,75,110,280.0,9.0,11.0,36.0,1400.0,254.5,8.2,10.0,32.7,1272.7,68.18,26.79,8.33,36.0,99.0,144.0,279.0,12.903225806451612,35.483870967741936,51.61290322580645,False,False,True,1,Poorly balanced,63.501181115171875,11.498818884828125,18.11,11.498818884828125
Mcdonald's,Chicken Wrap,wrap,Chicken,148,215,340.0,19.2,10.1,42.2,2200.0,158.1,8.9,4.7,19.6,1023.3,68.84,43.53,7.71,76.8,90.89999999999999,168.8,336.5,22.823179791976226,27.01337295690936,50.16344725111441,True,True,True,3,Well-balanced,93.53989395230099,54.460106047699014,58.22,54.460106047699014
Mcdonald's,Fish Wrap,wrap,Fish,148,190,436.0,18.0,19.0,46.0,1400.0,229.5,9.5,10.0,24.2,736.8,77.89,33.94,8.22,72.0,171.0,184.0,427.0,16.861826697892273,40.04683840749414,43.09133489461358,False,False,True,1,Poorly balanced,124.31372353316556,23.686276466834443,19.05,23.686276466834443
Mcdonald's,Creamy BBQ Chicken Wrap,wrap,Chicken,148,210,475.0,22.0,23.0,44.0,2800.0,226.2,10.5,11.0,21.0,1333.3,70.48,31.16,6.73,88.0,207.0,176.0,471.0,18.683651804670912,43.94904458598726,37.367303609341825,False,False,False,0,Poorly balanced,142.95481034452115,5.0451896554788505,3.53,5.0451896554788505
Mcdonald's,Shrimp Wrap,wrap,Fish,179,155,354.0,17.0,16.0,34.0,1300.0,228.4,11.0,10.3,21.9,838.7,115.48,50.56,10.53,68.0,144.0,136.0,348.0,19.54022988505747,41.37931034482759,39.08045977011494,False,False,False,0,Poorly balanced,94.0862986093469,84.9137013906531,90.25,84.9137013906531
Mcdonald's,Snack Wrap,wrap,Chicken,85,115,265.0,14.0,11.0,27.0,1600.0,230.4,12.2,9.6,23.5,1391.3,73.91,32.08,6.07,56.0,99.0,108.0,263.0,21.292775665399237,37.6425855513308,41.06463878326996,True,False,True,2,Partially balanced,60.40323967015341,24.59676032984659,40.72,24.59676032984659
KFC,Toast 2 Cheese,burger,Vegetarian,42,77,212.7,9.1,7.4,28.9,1300.0,276.2,11.8,9.6,37.5,1688.3,54.55,19.75,4.62,36.4,66.60000000000001,115.6,218.6,16.65141811527905,30.46660567246112,52.88197621225983,False,False,True,1,Poorly balanced,40.334977920332236,1.6650220796677644,4.13,1.6650220796677644
KFC,Chicken Junior,burger,Chicken,60,113,324.7,12.6,14.1,38.7,1400.0,287.3,11.2,12.5,34.2,1238.9,53.1,18.48,4.76,50.4,126.89999999999999,154.8,332.1,15.176151761517614,38.21138211382114,46.612466124661246,False,False,True,1,Poorly balanced,84.19615491839687,-24.19615491839687,-28.74,24.19615491839687
KFC,Tower Burger,burger,Chicken,173,224,616.4,27.8,28.6,65.2,2100.0,275.2,12.4,12.8,29.1,937.5,77.23,28.07,6.22,111.2,257.40000000000003,260.8,629.4000000000001,17.667619955513185,40.89609151572927,41.436288528757544,False,False,True,1,Poorly balanced,202.36435256960883,-29.364352569608826,-14.51,29.364352569608826
KFC,Tower Burger spicy,burger,Chicken,173,221,600.0,24.8,29.0,63.0,2200.0,271.5,11.2,13.1,28.5,995.5,78.28,28.83,6.98,99.2,261.0,252.0,612.2,16.203854949362952,42.63312642927148,41.163018621365566,False,False,True,1,Poorly balanced,194.86615151060766,-21.866151510607665,-11.22,21.866151510607665
KFC,Cheeseburger,burger,Chicken,75,124,319.5,15.2,11.2,41.7,1900.0,257.7,12.3,9.0,33.6,1532.3,60.48,23.47,4.93,60.8,100.8,166.8,328.4,18.514007308160778,30.694275274056032,50.7917174177832,False,False,True,1,Poorly balanced,84.35253326819657,-9.352533268196566,-11.09,9.352533268196566
KFC,Double Cheeseburger,burger,Chicken,128,170,482.7,25.8,21.1,50.0,2600.0,283.9,15.2,12.4,29.4,1529.4,75.29,26.52,4.96,103.2,189.9,200.0,493.1,20.92881768403975,38.51145812208477,40.55972419387548,True,False,True,2,Partially balanced,150.18915153877919,-22.189151538779186,-14.77,22.189151538779186
KFC,Chefburger,burger,Chicken,149,182,453.7,24.2,20.4,45.5,1000.0,249.3,13.3,11.2,25.0,549.5,81.87,32.84,6.16,96.8,183.6,182.0,462.4,20.934256055363324,39.70588235294118,39.359861591695505,True,False,False,1,Poorly balanced,139.2492711800821,9.750728819917896,7.0,9.750728819917896
KFC,Chefburger spicy,burger,Chicken,149,180,437.3,21.3,20.8,43.3,1100.0,242.9,11.8,11.6,24.1,611.1,82.78,34.07,7.0,85.2,187.20000000000002,173.2,445.6,19.120287253141832,42.010771992818675,38.86894075403949,False,False,False,0,Poorly balanced,131.9875208573415,17.012479142658492,12.89,17.012479142658492
KFC,Grander original,burger,Chicken,245,281,669.4,31.4,34.5,61.4,2700.0,238.2,11.2,12.3,21.9,960.9,87.19,36.6,7.8,125.6,310.5,245.6,681.7,18.424526917999117,45.54789496846119,36.027578113539676,False,False,False,0,Poorly balanced,225.80984452421944,19.190155475780557,8.5,19.190155475780557
KFC,Grander spicy,burger,Chicken,245,277,653.0,28.5,34.9,59.2,2800.0,235.7,10.3,12.6,21.4,1010.8,88.45,37.52,8.6,114.0,314.09999999999997,236.8,664.9,17.145435403820127,47.24018649420965,35.614378101970225,False,False,False,0,Poorly balanced,218.44590563082016,26.554094369179836,12.16,26.554094369179836
KFC,Street Bit Dog,burger,Chicken,99,146,351.8,12.6,17.4,38.0,1500.0,241.0,8.6,11.9,26.0,1027.4,67.81,28.14,7.86,50.4,156.6,152.0,359.0,14.03899721448468,43.62116991643454,42.33983286908078,False,False,True,1,Poorly balanced,95.63358588133678,3.366414118663215,3.52,3.366414118663215
KFC,Street Bit Dog spicy,burger,Chicken,99,143,334.5,11.8,17.3,34.7,1500.0,233.9,8.3,12.1,24.3,1049.0,69.23,29.6,8.39,47.2,155.70000000000002,138.8,341.70000000000005,13.813286508633302,45.56628621597893,40.62042727538777,False,False,True,1,Poorly balanced,89.0444235466488,9.955576453351199,11.18,9.955576453351199
KFC,Double Chicken Bacon,burger,Chicken,249,226,660.3,42.8,41.8,29.8,1700.0,292.2,18.9,18.5,13.2,752.2,110.18,37.71,5.82,171.2,376.2,119.2,666.6,25.68256825682568,56.43564356435643,17.88178817881788,True,False,False,1,Poorly balanced,223.55836756444194,25.441632435558063,11.38,25.441632435558063
KFC,Double Chicken Bacon spicy,burger,Chicken,249,215,627.5,36.9,42.6,25.4,2000.0,291.9,17.2,19.8,11.8,930.2,115.81,39.68,6.75,147.6,383.40000000000003,101.6,632.6,23.3322794815049,60.60701865317737,16.060701865317732,True,False,False,1,Poorly balanced,208.49185047072422,40.508149529275784,19.43,40.508149529275784
KFC,Boxmaster,wrap,Chicken,216,212,736.8,29.5,37.6,73.7,2700.0,347.5,13.9,17.7,34.8,1273.6,101.89,29.32,7.32,118.0,338.40000000000003,294.8,751.2,15.708200212992542,45.04792332268371,39.24387646432375,False,False,False,0,Poorly balanced,246.09407609529035,-30.094076095290347,-12.23,30.094076095290347
KFC,Boxmaster spicy,wrap,Chicken,216,210,720.4,26.6,38.0,71.5,2800.0,343.0,12.7,18.1,34.0,1333.3,102.86,29.98,8.12,106.4,342.0,286.0,734.4,14.4880174291939,46.568627450980394,38.9433551198257,False,False,False,0,Poorly balanced,238.83232577254967,-22.832325772549666,-9.56,22.832325772549666
KFC,I-twister,wrap,Chicken,75,103,274.3,11.7,12.3,30.8,1000.0,266.3,11.4,11.9,29.9,970.9,72.82,27.34,6.41,46.8,110.7,123.2,280.7,16.672604203776274,39.43712148200926,43.890274314214466,False,False,True,1,Poorly balanced,65.08401610629471,9.915983893705288,15.24,9.915983893705288
KFC,Twister,wrap,Chicken,148,185,512.0,22.5,23.4,55.6,1900.0,276.8,12.2,12.6,30.1,1027.0,80.0,28.91,6.58,90.0,210.6,222.4,523.0,17.208413001912046,40.267686424474185,42.523900573613766,False,False,True,1,Poorly balanced,160.17257176548227,-12.172571765482274,-7.6,12.172571765482274
KFC,Twister spicy,wrap,Chicken,148,181,477.4,21.0,23.1,48.8,1700.0,263.8,11.6,12.8,27.0,939.2,81.77,31.0,7.05,84.0,207.9,195.2,487.09999999999997,17.244918907821805,42.68117429685896,40.07390679531924,False,False,True,1,Poorly balanced,146.67607866827964,1.3239213317203564,0.9,1.3239213317203564
KFC,Shaurma Street Beat,wrap,Chicken,189,296,640.9,26.2,27.1,77.0,2600.0,216.5,8.9,9.2,26.0,878.4,63.85,29.49,7.21,104.8,243.9,308.0,656.7,15.958580782701384,37.14024668798538,46.90117252931323,False,False,True,1,Poorly balanced,214.74665662270138,-25.74665662270138,-11.99,25.74665662270138
KFC,Shaurma Street Beat spicy,wrap,Chicken,189,292,624.5,23.2,27.5,74.8,2700.0,213.9,7.9,9.4,25.6,924.7,64.73,30.26,8.15,92.8,247.5,299.2,639.5,14.5113369820172,38.70211102423768,46.786551993745114,False,False,True,1,Poorly balanced,207.19736127837083,-18.197361278370835,-8.78,18.197361278370835
KFC,Breakfast Burger,burger,Chicken,129,170,428.7,18.2,19.6,47.2,2300.0,252.2,10.7,11.5,27.8,1352.9,75.88,30.09,7.09,72.8,176.4,188.8,438.0,16.621004566210047,40.273972602739725,43.105022831050235,False,False,True,1,Poorly balanced,127.29683142494059,1.7031685750594079,1.34,1.7031685750594079
KFC,Breakfast Burger spicy,burger,Chicken,129,169,411.14,17.5,19.4,43.8,2300.0,243.3,10.4,11.5,25.9,1360.9,76.33,31.38,7.37,70.0,174.6,175.2,419.79999999999995,16.67460695569319,41.591233920914725,41.7341591233921,False,False,True,1,Poorly balanced,120.52973661151736,8.470263388482635,7.03,8.470263388482635
KFC,Breakfast Burger L,burger,Chicken,209,231,588.5,30.7,29.2,53.3,2500.0,254.8,13.3,12.6,23.1,1082.3,90.48,35.51,6.81,122.8,262.8,213.2,598.8,20.507682030728127,43.88777555110221,35.60454241816967,True,False,False,1,Poorly balanced,193.36072100944443,15.639278990555567,8.09,15.639278990555567
KFC,Breakfast Burger L spicy,burger,Chicken,209,229,572.0,27.7,29.6,51.2,2600.0,249.8,12.1,12.9,22.4,1135.4,91.27,36.54,7.55,110.8,266.40000000000003,204.8,582.0,19.037800687285223,45.77319587628866,35.18900343642612,False,False,False,0,Poorly balanced,186.05385018486405,22.946149815135954,12.33,22.946149815135954
KFC,Breakfast Twister,wrap,Chicken,169,210,562.5,20.9,29.1,57.0,3300.0,267.9,10.0,13.9,27.1,1571.4,80.48,30.04,8.09,83.6,261.90000000000003,228.0,573.5,14.577157802964253,45.66695727986051,39.75588491717524,False,False,False,0,Poorly balanced,178.9862973914162,-9.986297391416201,-5.58,9.986297391416201
KFC,Breakfast Twister spicy,wrap,Chicken,169,209,544.2,20.2,29.0,53.6,3200.0,260.4,9.7,13.9,25.6,1531.1,80.86,31.05,8.37,80.8,261.0,214.4,556.2,14.527148507731031,46.92556634304207,38.547285149226894,False,False,False,0,Poorly balanced,172.54444412922663,-3.5444441292266333,-2.05,3.5444441292266333
KFC,Egg Toast,burger,Vegetarian,89,110,265.7,9.9,10.0,35.7,1700.0,241.5,9.0,9.1,32.5,1545.5,80.91,33.5,8.99,39.6,90.0,142.8,272.4,14.537444933920707,33.03964757709251,52.422907488986795,False,False,True,1,Poorly balanced,61.49626581394179,27.50373418605821,44.72,27.50373418605821
KFC,Veggie Burger,burger,Vegetarian,165,156,418.1,14.6,22.7,40.9,2300.0,268.0,9.4,14.6,26.2,1474.4,105.77,39.46,11.3,58.4,204.29999999999998,163.6,426.29999999999995,13.699272812573307,47.92399718508093,38.376730002345774,False,False,False,0,Poorly balanced,121.1563024922915,43.8436975077085,36.19,43.8436975077085
KFC,Veggie Twister,wrap,Vegetarian,165,177,488.9,16.3,26.1,49.8,2900.0,276.2,9.2,14.7,28.1,1638.4,93.22,33.75,10.12,65.2,234.9,199.2,499.3,13.058281594231925,47.04586420989385,39.89585419587422,False,False,False,0,Poorly balanced,148.91955436111937,16.080445638880633,10.8,16.080445638880633
Gremio Grill,Gremio Burger,burger,Beef,234,220,604.0,36.1,31.9,40.8,,274.5,16.4,14.5,18.5,,106.36,38.74,6.48,144.4,287.09999999999997,163.2,594.7,24.281150159744406,48.27644190348074,27.442407936774842,True,False,False,1,Poorly balanced,194.05996046799223,39.94003953200777,20.58,39.94003953200777
Gremio Grill,Chicken Burger,burger,Chicken,234,235,507.0,24.4,26.2,42.8,,215.7,10.4,11.1,18.2,,99.57,46.15,9.59,97.6,235.79999999999998,171.2,504.59999999999997,19.342053111375346,46.730083234244944,33.927863654379706,False,False,False,0,Poorly balanced,157.4056205504853,76.59437944951469,48.66,76.59437944951469
Gremio Grill,Double Gremio Burger,burger,Beef,290,315,840.0,68.5,42.8,40.8,,266.7,21.7,13.6,13.0,,92.06,34.52,4.23,274.0,385.2,163.2,822.4000000000001,33.31712062256809,46.838521400778205,19.844357976653693,False,False,False,0,Poorly balanced,294.42073676047073,-4.4207367604707315,-1.5,4.4207367604707315
Gremio Grill,Dor Blue Burger,burger,Chicken,300,325,723.0,42.8,40.2,46.1,,222.5,13.2,12.4,14.2,,92.31,41.49,7.01,171.2,361.8,184.4,717.4,23.86395316420407,50.43211597435183,25.703930861444107,True,False,False,1,Poorly balanced,246.27129669420566,53.72870330579434,21.82,53.72870330579434
Gremio Grill,Cherry Burger,burger,Beef,304,300,724.0,65.6,26.0,52.6,,241.3,21.9,8.7,17.5,,101.33,41.99,4.63,262.4,234.0,210.4,706.8,37.125070741369555,33.106960950764005,29.767968307866443,False,False,False,0,Poorly balanced,250.18624678905013,53.81375321094987,21.51,53.81375321094987
Gremio Grill,Four Cheese Burger,burger,Chicken,304,280,756.0,38.0,39.6,59.4,,270.0,13.6,14.1,21.2,,108.57,40.21,8.0,152.0,356.40000000000003,237.6,746.0,20.37533512064343,47.77479892761394,31.84986595174263,True,False,False,1,Poorly balanced,251.77487613144189,52.225123868558114,20.74,52.225123868558114
Gremio Grill,Salt Caramel Burger,burger,Beef,314,300,635.0,48.5,26.3,49.5,,211.7,16.2,8.8,16.5,,104.67,49.45,6.47,194.0,236.70000000000002,198.0,628.7,30.8573246381422,37.64911722602195,31.493558135835848,False,False,False,0,Poorly balanced,215.11870391167673,98.88129608832327,45.97,98.88129608832327
Gremio Grill,Vegetarian Burger,burger,Vegetarian,304,260,667.0,25.4,41.3,47.1,,256.5,9.8,15.9,18.1,,116.92,45.58,11.97,101.6,371.7,188.4,661.6999999999999,15.354390207042467,56.17349251926855,28.472117273688983,False,False,False,0,Poorly balanced,215.67816224024966,88.32183775975034,40.95,88.32183775975034
Gremio Grill,Big Grem Burger,burger,Beef,344,385,1095.0,99.6,56.6,40.8,,284.4,25.9,14.7,10.6,,89.35,31.42,3.45,398.4,509.40000000000003,163.2,1071.0,37.198879551820724,47.563025210084035,15.238095238095237,False,False,False,0,Poorly balanced,400.5265270433872,-56.526527043387205,-14.11,56.526527043387205
Gremio Grill,Chicken Truffle Burger,burger,Chicken,304,315,851.7,43.2,53.1,42.9,,270.4,13.7,16.9,13.6,,96.51,35.69,7.04,172.8,477.90000000000003,171.6,822.3000000000001,21.01422838380153,58.11747537395111,20.868296242247354,True,False,False,1,Poorly balanced,283.9703893828592,20.029610617140804,7.05,20.029610617140804
Gremio Grill,Big Truffle Jalapeno Burger,burger,Beef,354,415,1231.7,76.8,86.6,45.6,,296.8,18.5,20.9,11.0,,85.3,28.74,4.61,307.2,779.4,182.4,1269.0,24.2080378250591,61.41843971631206,14.373522458628843,True,False,False,1,Poorly balanced,464.10187571744274,-110.10187571744274,-23.72,110.10187571744274
Gremio Grill,Big Chicken Jalapeno Burger,burger,Chicken,334,380,885.0,59.0,49.0,33.0,,232.9,15.5,12.9,8.7,,87.89,37.74,5.66,236.0,441.0,132.0,809.0,29.171817058096416,54.51174289245982,16.31644004944376,True,False,False,1,Poorly balanced,289.35957461576925,44.64042538423075,15.43,44.64042538423075
Gremio Grill,Shrimp Wrap,wrap,Fish,289,285,760.0,24.2,37.3,80.9,,266.7,8.5,13.1,28.4,,101.4,38.03,11.94,96.8,335.7,323.6,756.1,12.802539346647269,44.39888903584182,42.79857161751091,False,False,True,1,Poorly balanced,249.1213307058561,39.87866929414389,16.01,39.87866929414389
Gremio Grill,Cheese Wrap,wrap,Vegetarian,179,260,769.0,31.1,54.9,37.8,,295.8,12.0,21.1,14.5,,68.85,23.28,5.76,124.4,494.09999999999997,151.2,769.7,16.1621410939327,64.19384175652851,19.64401714953878,False,False,False,0,Poorly balanced,257.43438764561176,-78.43438764561176,-30.47,78.43438764561176
Gremio Grill,Shawarma XL with Chicken,wrap,Chicken,259,450,800.0,39.0,44.9,54.1,,177.8,8.7,10.0,12.0,,57.56,32.38,6.64,156.0,404.09999999999997,216.4,776.4999999999999,20.090148100450744,52.04121056020605,27.868641339343213,True,False,False,1,Poorly balanced,272.1197660602811,-13.119766060281108,-4.82,13.119766060281108
Gremio Grill,Shawarma XL with Pork,wrap,Pork,279,450,964.0,47.6,58.9,54.7,,214.2,10.6,13.1,12.2,,62.0,28.94,5.86,190.4,530.1,218.8,939.3,20.270414138188013,56.43564356435644,23.293942297455555,True,False,False,1,Poorly balanced,334.4356537076332,-55.43565370763321,-16.58,55.43565370763321
Gremio Grill,Shawarma with Chicken,wrap,Chicken,239,345,535.0,29.3,25.0,45.9,,155.1,8.5,7.2,13.3,,69.28,44.67,8.16,117.2,225.0,183.6,525.8,22.289844047166223,42.791936097375434,34.91821985545835,True,False,False,1,Poorly balanced,172.55287383937096,66.44712616062904,38.51,66.44712616062904
Gremio Grill,Shawarma with Pork,wrap,Pork,249,345,539.0,28.2,24.4,44.6,,156.2,8.2,7.1,12.9,,72.17,46.2,8.83,112.8,219.6,178.4,510.79999999999995,22.08300704776821,42.99138606108066,34.92560689115114,True,False,False,1,Poorly balanced,166.7394362335369,82.2605637664631,49.33,82.2605637664631
Gremio Grill,Shawarma with Chicken and Jalapeno,wrap,Chicken,249,355,535.0,29.3,25.0,45.9,,150.7,8.3,7.0,12.9,,70.14,46.54,8.5,117.2,225.0,183.6,525.8,22.289844047166223,42.791936097375434,34.91821985545835,True,False,False,1,Poorly balanced,173.06381669266423,75.93618330733577,43.88,75.93618330733577
Gremio Grill,Shawarma XL with Chicken and Jalapeno,wrap,Chicken,269,465,800.0,39.0,44.9,54.1,,172.0,8.4,9.7,11.6,,57.85,33.62,6.9,156.0,404.09999999999997,216.4,776.4999999999999,20.090148100450744,52.04121056020605,27.868641339343213,True,False,False,1,Poorly balanced,272.886180340221,-3.886180340221017,-1.42,3.886180340221017
Hesburger,Hesburger,burger,Beef,138,200,613.0,27.9,38.2,41.2,2800.0,306.5,14.0,19.1,20.6,1400.0,69.0,22.51,4.95,111.6,343.8,164.8,620.2,17.99419542083199,55.433731054498544,26.57207352466946,False,False,False,0,Poorly balanced,198.89000730913318,-60.89000730913318,-30.61,60.89000730913318
Hesburger,Megaburger,burger,Beef,250,395,940.0,40.5,66.2,47.8,2900.0,238.0,10.3,16.8,12.1,734.2,63.29,26.6,6.17,162.0,595.8000000000001,191.2,949.0,17.070600632244467,62.78187565858799,20.147523709167544,False,False,False,0,Poorly balanced,332.5315127511554,-82.53151275115539,-24.82,82.53151275115539
Hesburger,Baconburger,burger,Beef,250,330,1007.0,50.2,61.6,67.3,3900.0,305.2,15.2,18.7,20.4,1181.8,75.76,24.83,4.98,200.8,554.4,269.2,1024.4,19.60171807887544,54.11948457633736,26.27879734478719,False,False,False,0,Poorly balanced,359.57485866115326,-109.57485866115326,-30.47,109.57485866115326
Hesburger,Double Cheeseburger,burger,Beef,118,181,502.0,27.6,29.4,34.5,2800.0,277.3,15.2,16.2,19.1,1547.0,65.19,23.51,4.28,110.4,264.59999999999997,138.0,513.0,21.52046783625731,51.57894736842105,26.900584795321635,True,False,False,1,Poorly balanced,159.34608143739254,-41.34608143739254,-25.95,41.34608143739254
Hesburger,Cheeseburger,burger,Beef,55,135,361.0,16.4,19.3,33.3,1500.0,267.4,12.1,14.3,24.7,1111.1,40.74,15.24,3.35,65.6,173.70000000000002,133.2,372.5,17.610738255033556,46.63087248322148,35.758389261744966,False,False,False,0,Poorly balanced,101.70359374424513,-46.703593744245126,-45.92,46.703593744245126
Hesburger,Hamburger,burger,Beef,54,110,319.0,13.9,16.0,32.8,1100.0,290.0,12.6,14.5,29.8,1000.0,49.09,16.93,3.88,55.6,144.0,131.2,330.79999999999995,16.807738814993954,43.53083434099154,39.661426844014514,False,False,False,0,Poorly balanced,84.35817440156208,-30.35817440156208,-35.99,30.35817440156208
Hesburger,Kebab Burger,burger,Beef,185,276,666.0,25.0,39.8,50.2,2800.0,241.3,9.1,14.4,18.2,1014.5,67.03,27.78,7.4,100.0,358.2,200.8,659.0,15.174506828528072,54.35508345978756,30.470409711684372,False,False,False,0,Poorly balanced,215.22293615512217,-30.22293615512217,-14.04,30.22293615512217
Hesburger,BBQ Burger,burger,Beef,175,260,734.0,29.8,44.3,62.4,3600.0,282.3,11.5,17.0,24.0,1384.6,67.31,23.84,5.87,119.2,398.7,249.6,767.5,15.530944625407168,51.947882736156345,32.52117263843648,False,False,False,0,Poorly balanced,255.04719282922025,-80.04719282922025,-31.39,80.04719282922025
Hesburger,VEKE Vegetarian Cheeseburger,burger,Vegetarian,55,137,419.0,16.3,23.2,39.1,1900.0,305.8,11.9,16.9,28.5,1386.9,40.15,13.13,3.37,65.2,208.79999999999998,156.4,430.4,15.148698884758366,48.51301115241636,36.33828996282528,False,False,False,0,Poorly balanced,122.43853140938842,-67.43853140938842,-55.08,67.43853140938842
Hesburger,VEKE Vegetarian Double Cheeseburger,burger,Vegetarian,105,185,649.0,28.0,40.1,46.9,3100.0,350.8,15.1,21.7,25.4,1675.7,56.76,16.18,3.75,112.0,360.90000000000003,187.6,660.5,16.95685087055261,54.64042392127176,28.40272520817562,False,False,False,0,Poorly balanced,212.48198805177503,-107.48198805177503,-50.58,107.48198805177503
Hesburger,VEKE Vegetarian Hamburger,burger,Vegetarian,85,172,431.0,14.1,25.5,39.0,1500.0,250.6,8.2,14.8,22.7,872.1,49.42,19.72,6.03,56.4,229.5,156.0,441.9,12.763068567549219,51.93482688391039,35.3021045485404,False,False,False,0,Poorly balanced,127.48930920471136,-42.48930920471136,-33.33,42.48930920471136
Hesburger,Heschicken,burger,Chicken,150,235,716.0,20.2,43.1,64.4,3000.0,304.7,8.6,18.3,27.4,1276.6,63.83,20.95,7.43,80.8,387.90000000000003,257.6,726.3000000000001,11.124879526366515,53.407682775712516,35.467437697920964,False,False,False,0,Poorly balanced,234.87743677361254,-84.87743677361254,-36.14,84.87743677361254
Hesburger,Hesfish Burger,burger,Chicken,120,195,553.0,19.1,32.6,48.1,1300.0,283.6,9.8,16.7,24.7,666.7,61.54,21.7,6.28,76.4,293.40000000000003,192.4,562.2,13.589469939523301,52.18783351120598,34.22269654927072,False,False,False,0,Poorly balanced,173.78592181875817,-53.78592181875817,-30.95,53.78592181875817
Hesburger,Chicken Wrap,wrap,Chicken,145,245,627.0,27.4,35.8,51.0,1500.0,255.9,11.2,14.6,20.8,612.2,59.18,23.13,5.29,109.6,322.2,204.0,635.8,17.238125196602706,50.676313306071094,32.0855614973262,False,False,False,0,Poorly balanced,206.19979367564596,-61.199793675645964,-29.68,61.199793675645964
Hesburger,Chicken Wrap Mexicano,wrap,Chicken,140,235,455.0,17.1,16.0,59.9,1300.0,193.6,7.3,6.8,25.5,553.2,59.57,30.77,8.19,68.4,144.0,239.6,452.0,15.13274336283186,31.858407079646017,53.00884955752212,False,False,True,1,Poorly balanced,134.680308701299,5.319691298701002,3.95,5.319691298701002
Hesburger,VEKO Wrap with Vegetarian Strips,wrap,Vegetarian,130,266,621.0,18.9,38.7,45.4,3200.0,233.5,7.1,14.5,17.1,1203.0,48.87,20.93,6.88,75.6,348.3,181.6,605.5,12.485549132947977,57.52270850536747,29.991742361684558,False,False,False,0,Poorly balanced,193.0962671750654,-63.09626717506541,-32.68,63.09626717506541
Hesburger,Morning Burger 'Hearty',burger,Beef,120,137,466.0,22.4,30.6,31.9,2200.0,340.1,16.4,22.3,23.3,1605.8,87.59,25.75,5.36,89.6,275.40000000000003,127.6,492.6,18.18920016240357,55.9074299634592,25.903369874137226,False,False,False,0,Poorly balanced,147.71616137290582,-27.716161372905816,-18.76,27.716161372905816
Hesburger,Morning Burger 'Light',burger,Pork,80,133,363.0,13.6,23.8,30.6,1800.0,272.9,10.2,17.9,23.0,1353.4,60.15,22.04,5.88,54.4,214.20000000000002,122.4,391.0,13.91304347826087,54.78260869565218,31.30434782608696,False,False,False,0,Poorly balanced,107.26092372756031,-27.26092372756031,-25.42,27.26092372756031
Hesburger,Morning Wrap,wrap,Vegetarian,120,258,606.0,18.8,39.1,48.9,500.0,234.9,7.3,15.2,19.0,193.8,46.51,19.8,6.38,75.2,351.90000000000003,195.6,622.7,12.076441303998715,56.51196402762165,31.41159466837963,False,False,False,0,Poorly balanced,198.71138086463367,-78.71138086463367,-39.61,78.71138086463367
Greek House,Classic Gyros,wrap,Chicken,168,400,813.0,39.0,40.0,76.0,,203.3,9.8,10.0,19.0,,42.0,20.66,4.31,156.0,360.0,304.0,820.0,19.024390243902438,43.90243902439025,37.073170731707314,False,False,False,0,Poorly balanced,284.339888634382,-116.33988863438202,-40.92,116.33988863438202
Greek House,Veal Gyros,wrap,Beef,218,400,684.0,27.0,37.0,71.0,,171.0,6.8,9.3,17.8,,54.5,31.87,8.07,108.0,333.0,284.0,725.0,14.896551724137929,45.93103448275862,39.17241379310345,False,False,False,0,Poorly balanced,245.32807053105273,-27.32807053105273,-11.14,27.32807053105273
Greek House,Kherson Pita small,wrap,Chicken,139,250,488.0,25.0,14.0,68.0,,195.2,10.0,5.6,27.2,,55.6,28.48,5.56,100.0,126.0,272.0,498.0,20.080321285140563,25.301204819277107,54.61847389558233,True,True,True,3,Well-balanced,154.94416345653644,-15.944163456536444,-10.29,15.944163456536444
Greek House,Kherson Pita big,wrap,Chicken,199,300,569.0,33.0,18.0,71.0,,189.7,11.0,6.0,23.7,,66.33,34.97,6.03,132.0,162.0,284.0,578.0,22.837370242214533,28.027681660899656,49.13494809688581,True,True,True,3,Well-balanced,189.54413431959154,9.455865680408465,4.99,9.455865680408465
Greek House,Gemuz small,wrap,Chicken,169,250,601.0,21.0,29.0,62.0,,240.4,8.4,11.6,24.8,,67.6,28.12,8.05,84.0,261.0,248.0,593.0,14.165261382799327,44.01349072512647,41.8212478920742,False,False,True,1,Poorly balanced,187.9019811588572,-18.90198115885721,-10.06,18.90198115885721
Greek House,Gemuz big,wrap,Chicken,269,370,821.0,39.0,43.0,68.0,,221.9,10.5,11.6,18.4,,72.7,32.76,6.9,156.0,387.0,272.0,815.0,19.141104294478527,47.484662576687114,33.374233128834355,False,False,False,0,Poorly balanced,281.34543068420044,-12.345430684200437,-4.39,12.345430684200437
Greek House,Chicken Grek,wrap,Chicken,91,250,599.0,16.0,37.0,53.0,,239.6,6.4,14.8,21.2,,36.4,15.19,5.69,64.0,333.0,212.0,609.0,10.50903119868637,54.679802955665025,34.8111658456486,False,False,False,0,Poorly balanced,192.0322472927646,-101.0322472927646,-52.61,101.0322472927646
Greek House,Beef Grek,wrap,Beef,118,200,465.0,10.0,24.0,54.0,,232.5,5.0,12.0,27.0,,59.0,25.38,11.8,40.0,216.0,216.0,472.0,8.47457627118644,45.76271186440678,45.76271186440678,False,False,True,1,Poorly balanced,137.47710380095774,-19.477103800957735,-14.17,19.477103800957735
Greek House,Greko chicken,wrap,Chicken,168,350,745.0,34.0,44.0,57.0,,212.9,9.7,12.6,16.3,,48.0,22.55,4.94,136.0,396.0,228.0,760.0,17.894736842105264,52.10526315789473,30.0,False,False,False,0,Poorly balanced,258.88218354333435,-90.88218354333435,-35.11,90.88218354333435
Greek House,Spartan pita,wrap,Beef,218,350,665.0,15.0,40.0,65.0,,190.0,4.3,11.4,18.6,,62.29,32.78,14.53,60.0,360.0,260.0,680.0,8.823529411764707,52.94117647058824,38.23529411764706,False,False,False,0,Poorly balanced,221.87367174436486,-3.873671744364856,-1.75,3.873671744364856
Greek House,Vegetarian Pita,wrap,Vegetarian,155,350,701.0,11.0,44.0,68.0,,200.3,3.1,12.6,19.4,,44.29,22.11,14.09,44.0,396.0,272.0,712.0,6.179775280898876,55.61797752808989,38.20224719101123,False,False,False,0,Poorly balanced,231.67615422920568,-76.67615422920568,-33.1,76.67615422920568
Greek House,Chicken-Bacon,wrap,Chicken,131,250,476.0,29.7,33.9,12.9,,190.8,363.4,22.7,25.9,,52.4,27.52,4.41,118.8,305.09999999999997,51.6,475.5,24.984227129337537,64.16403785488957,10.85173501577287,True,False,False,1,Poorly balanced,151.10897739644417,-20.108977396444175,-13.31,20.108977396444175
Greek House,Cheddar-Bacon,wrap,Pork,131,250,465.0,23.2,35.1,13.8,,190.8,355.0,17.7,26.8,,52.4,28.17,5.65,92.8,315.90000000000003,55.2,463.90000000000003,20.00431127398146,68.09657253718474,11.8991161888338,True,False,False,1,Poorly balanced,144.2258302425411,-13.225830242541093,-9.17,13.225830242541093
Greek House,Suluguni-Tomatoes,wrap,Vegetarian,99,200,341.0,14.0,23.2,17.2,,202.0,344.4,14.1,23.4,,49.5,29.03,7.07,56.0,208.79999999999998,68.8,333.59999999999997,16.786570743405278,62.589928057553955,20.62350119904077,False,False,False,0,Poorly balanced,90.68260016269926,8.31739983730074,9.17,8.31739983730074
Greek House,Signature Chicken Breakfast,wrap,Chicken,114,270,431.0,20.0,17.0,49.0,,236.8,378.1,17.5,14.9,,42.22,26.45,5.7,80.0,153.0,196.0,429.0,18.64801864801865,35.66433566433567,45.68764568764569,False,False,True,1,Poorly balanced,129.81064282620468,-15.810642826204685,-12.18,15.810642826204685
Greek House,Breakfast with Pita and Omelet,wrap,Vegetarian,114,270,403.0,19.0,15.0,50.0,,236.8,353.5,16.7,13.2,,42.22,28.29,6.0,76.0,135.0,200.0,411.0,18.491484184914842,32.846715328467155,48.661800486618006,False,False,True,1,Poorly balanced,122.85460678313248,-8.854606783132482,-7.21,8.854606783132482
Myastoriya,Brisket Burger,burger,Beef,430,340,1192.9,34.7,86.4,71.4,,350.9,25.4,25.4,21.0,,126.47,36.05,12.39,138.8,777.6,285.6,1202.0,11.547420965058237,64.69217970049918,23.760399334442596,False,False,False,0,Poorly balanced,417.7651302388101,12.234869761189884,2.93,12.234869761189884
Myastoriya,Cheeseburger with Bacon in Cheese bath,burger,Beef,475,330,1076.4,36.4,75.3,65.6,,326.2,22.8,19.9,19.9,,143.94,44.13,13.05,145.6,677.6999999999999,262.4,1085.6999999999998,13.4107027724049,62.420558165239015,24.168739062356085,False,False,False,0,Poorly balanced,376.1697498171057,98.8302501828943,26.27,98.8302501828943
Myastoriya,Truffle Burger,burger,Beef,440,360,1174.9,30.3,92.3,59.8,,326.4,8.4,25.6,16.6,,122.22,37.45,14.52,121.2,830.6999999999999,239.2,1191.1,10.175468054739317,69.74225505834943,20.08227688691126,False,False,False,0,Poorly balanced,413.5532135326071,26.446786467392883,6.4,26.446786467392883
Myastoriya,Big Beef Burger,burger,Beef,590,430,1424.5,66.7,99.5,66.1,,331.3,15.5,23.1,15.4,,137.21,41.42,8.85,266.8,895.5,264.4,1426.6999999999998,18.70049765192402,62.76722506483494,18.532277283241047,False,False,False,0,Poorly balanced,516.8518181262137,73.14818187378626,14.15,73.14818187378626
Myastoriya,Ribeye steak burger,burger,Beef,540,310,1137.2,39.1,87.2,52.6,,366.8,12.6,28.1,17.0,,174.19,47.49,13.81,156.4,784.8000000000001,210.4,1151.6000000000001,13.581104550191036,68.14866273011462,18.270232719694338,False,False,False,0,Poorly balanced,400.62555950058936,139.37444049941064,34.79,139.37444049941064
Myastoriya,Aberdeen Classic Burger,burger,Beef,480,320,1130.7,39.4,81.0,63.4,,353.3,12.3,25.3,19.8,,150.0,42.45,12.18,157.6,729.0,253.6,1140.2,13.82213646728644,63.936151552359235,22.241711980354324,False,False,False,0,Poorly balanced,396.6730780320592,83.32692196794079,21.01,83.32692196794079
Myastoriya,Slow-cooked beef burger,burger,Beef,475,300,895.6,31.3,52.3,72.0,,298.5,10.4,17.4,24.0,,158.33,53.04,15.18,125.2,470.7,288.0,883.9,14.164498246407966,53.25263038805295,32.58287136553909,False,False,False,0,Poorly balanced,299.35328621783276,175.64671378216724,58.68,175.64671378216724
Myastoriya,Dry-Aged Beef Burger,burger,Beef,480,340,983.8,38.3,66.1,61.3,,289.4,11.3,19.4,18.0,,141.18,48.79,12.53,153.2,594.9,245.2,993.3,15.423336353568912,59.8912715191785,24.68539212725259,False,False,False,0,Poorly balanced,344.2500967136617,135.74990328633828,39.43,135.74990328633828
Myastoriya,Assault Burger,burger,Beef,480,340,1146.9,40.0,87.7,51.9,,337.3,11.8,25.8,15.3,,141.18,41.85,12.0,160.0,789.3000000000001,207.6,1156.9,13.83006309966289,68.2254300285245,17.944506871812603,False,False,False,0,Poorly balanced,404.4711522313788,75.52884776862118,18.67,75.52884776862118
